nFiles,Size,Checks,R/F,Print,nProc,Time,FPS,FPS/core,pCycles,Throughput,pCycles/file,pC/MB

53,26.793091773986816,Y,Y,2,128.82999849319458,2.430754688550841,1.2153773442754205,1030639987945.5566,0.20797246050889426,19446037508.40673,38466631497.38457
53,0.9924516677856445,Y,Y,6,28.894694566726685,0.5451829163533337,0.09086381939222228,693472669601.4404,0.034347193582329454,13084389992.480007,698747044426.5712
43,38.291259765625,Y,Y,1,80.74883389472961,1.8778798580169678,1.8778798580169678,322995335578.91846,0.474202015295285,7511519432.067871,8435223535.499328