nFiles,Size,Checks,Print,nProc,Time,FPS,FPS/core,pCycles,Throughput,pCycles/file,pC/MB

42,37.414337158203125,Y,Y,1,98.57789897918701,2.347092832837786,2.347092832837786,394311595916.74805,0.37954082553638624,9388371331.351145,10539050691.969692
42,37.414337158203125,Y,Y,1,100.63069343566895,2.395968891325451,2.395968891325451,402522773742.6758,0.3717984630814585,9583875565.301804,10758516769.671604