nFiles,Size,Checks,R/F,Print,nProc,Time,FPS,FPS/core,pCycles,Throughput,pCycles/file,pC/MB

53,26.793091773986816,Y,Y,2,128.82999849319458,2.430754688550841,1.2153773442754205,1030639987945.5566,0.20797246050889426,19446037508.40673,38466631497.38457