nFiles,Size,Checks,R/F,Print,nProc,Time,FPS,FPS/core,pCycles,Throughput,pCycles/file,pC/MB

53,26.793091773986816,Y,Y,2,128.82999849319458,2.430754688550841,1.2153773442754205,1030639987945.5566,0.20797246050889426,19446037508.40673,38466631497.38457
53,0.9924516677856445,Y,Y,6,28.894694566726685,0.5451829163533337,0.09086381939222228,693472669601.4404,0.034347193582329454,13084389992.480007,698747044426.5712
43,38.291259765625,Y,Y,1,80.74883389472961,1.8778798580169678,1.8778798580169678,322995335578.91846,0.474202015295285,7511519432.067871,8435223535.499328
2,0.07423591613769531,Y,Y,1,0.14757680892944336,0.07378840446472168,0.07378840446472168,590307235.7177734,0.5030323983573028,295153617.8588867,7951774106.523471
2,0.07423591613769531,Y,Y,1,0.1436169147491455,0.07180845737457275,0.07180845737457275,574467658.996582,0.5169023179989807,287233829.498291,7738406001.901287
2,0.07423591613769531,Y,Y,1,0.13760685920715332,0.06880342960357666,0.06880342960357666,550427436.8286133,0.5394783120944617,275213718.41430664,7414570540.325274
2,0.07423591613769531,Y,Y,1,0.14860248565673828,0.07430124282836914,0.07430124282836914,594409942.6269531,0.49956039301506217,297204971.31347656,8007039901.338609
1,1.1781768798828125,Y,Y,1,2.486081123352051,2.486081123352051,2.486081123352051,9944324493.408203,0.4739092657983118,9944324493.408203,8440434253.2993145
1,1.1781768798828125,Y,Y,1,2.6112256050109863,2.6112256050109863,2.6112256050109863,10444902420.043945,0.4511968929922681,10444902420.043945,8865309274.344994